example,customer_index,actual,predicted,feature,feature_value,shap_value_log,multiplier_on_dollars
Low prediction (10th pct),12983,1055996.69,996663.8553411177,SalaryBasedContribution,4116.237975,-0.2909990760111152,0.7475163687145878
Low prediction (10th pct),12983,1055996.69,996663.8553411177,RetirementAccountBalance,187930.34,-0.2877427619357956,0.7499544842681661
Low prediction (10th pct),12983,1055996.69,996663.8553411177,EmployerPension_Yes,0.0,-0.10256676628593893,0.9025178899737801
Low prediction (10th pct),12983,1055996.69,996663.8553411177,YearsUntilRetirement,17.0,-0.0863411437640618,0.9172812530585406
Low prediction (10th pct),12983,1055996.69,996663.8553411177,EmergencyFund,5086.77,-0.0793097224023101,0.9237537728959173
Low prediction (10th pct),12983,1055996.69,996663.8553411177,Savings,16751.19,-0.06209547514637965,0.9397931556185094
Low prediction (10th pct),12983,1055996.69,996663.8553411177,AnnualSalary,44499.87,-0.0579494225132474,0.9436976760865015
Low prediction (10th pct),12983,1055996.69,996663.8553411177,InvestmentBalance,8346.87,-0.05755277468644554,0.9440720659644364
Low prediction (10th pct),12983,1055996.69,996663.8553411177,CareerStartAge,31.0,-0.04617841353530917,0.954871584977124
Low prediction (10th pct),12983,1055996.69,996663.8553411177,ExpectedAnnualReturn,0.0724,-0.0407991535707574,0.96002192756194
Low prediction (10th pct),12983,1055996.69,996663.8553411177,EmploymentStatus_Part-time,1.0,-0.0354643660553326,0.9651571259728624
Low prediction (10th pct),12983,1055996.69,996663.8553411177,RiskTolerance,46.0,-0.033943701259117935,0.9666259229280165
Typical prediction (50th pct),18983,3810659.41,3429504.7063938277,YearsUntilRetirement,2.0,-0.4698372655319272,0.6251039859706365
Typical prediction (50th pct),18983,3810659.41,3429504.7063938277,RetirementAccountBalance,1763686.02,0.3143055290302385,1.3693080359991454
Typical prediction (50th pct),18983,3810659.41,3429504.7063938277,SalaryBasedContribution,11685.363228,0.12066315102247821,1.1282448002433918
Typical prediction (50th pct),18983,3810659.41,3429504.7063938277,EmployerPension_Yes,1.0,0.08666867929346347,1.0905353029287075
Typical prediction (50th pct),18983,3810659.41,3429504.7063938277,InvestmentBalance,191867.64,0.05702971966072208,1.0586872737545443
Typical prediction (50th pct),18983,3810659.41,3429504.7063938277,Retirement_Fund_Goal,1583445.56,-0.05606851694845403,0.9454743526535614
Typical prediction (50th pct),18983,3810659.41,3429504.7063938277,RiskTolerance,50.0,-0.04268961244161748,0.9582087599921155
Typical prediction (50th pct),18983,3810659.41,3429504.7063938277,Savings,287528.78,0.030541728748777884,1.0310129120299407
Typical prediction (50th pct),18983,3810659.41,3429504.7063938277,ExpectedAnnualReturn,0.0711,-0.0299794505165566,0.9704654759078344
Typical prediction (50th pct),18983,3810659.41,3429504.7063938277,Age,61.0,0.020220725940385823,1.0204265497808191
Typical prediction (50th pct),18983,3810659.41,3429504.7063938277,EmergencyFund,31203.61,0.01872613885697407,1.0189025725819518
Typical prediction (50th pct),18983,3810659.41,3429504.7063938277,Debt,0.0,0.016152173969597675,1.0162833255075758
High prediction (90th pct),8985,8817647.77,7679191.279628845,SalaryBasedContribution,25163.281871,0.32147787097132297,1.3791644861179704
High prediction (90th pct),8985,8817647.77,7679191.279628845,RetirementAccountBalance,1147762.59,0.2062920833496715,1.2291121547662744
High prediction (90th pct),8985,8817647.77,7679191.279628845,Savings,889178.53,0.17585261114266923,1.1922623195190802
High prediction (90th pct),8985,8817647.77,7679191.279628845,EmployerPension_Yes,1.0,0.08556452317752829,1.0893318462286408
High prediction (90th pct),8985,8817647.77,7679191.279628845,InvestmentBalance,240036.41,0.07568163988652933,1.078619130182077
High prediction (90th pct),8985,8817647.77,7679191.279628845,YearsUntilRetirement,16.0,0.06410923616003424,1.0662088609622136
High prediction (90th pct),8985,8817647.77,7679191.279628845,RiskTolerance,52.0,-0.05861651115726043,0.9430683560128776
High prediction (90th pct),8985,8817647.77,7679191.279628845,EmergencyFund,59214.58,0.05233236891256195,1.0537259100526015
High prediction (90th pct),8985,8817647.77,7679191.279628845,ExpectedAnnualReturn,0.0651,-0.03697800867348686,0.9636973280986263
High prediction (90th pct),8985,8817647.77,7679191.279628845,Age,48.0,0.01664467636690155,1.016783970756101
High prediction (90th pct),8985,8817647.77,7679191.279628845,CheckingBalance,139116.22,0.01587180938578178,1.0159984355943679
High prediction (90th pct),8985,8817647.77,7679191.279628845,CreditScore,763.0,0.012358130291422098,1.0124348075204106
Largest absolute error,5464,33066937.56,18904869.73001936,SalaryBasedContribution,76741.133319,0.5296957316930013,1.6984154559962257
Largest absolute error,5464,33066937.56,18904869.73001936,RetirementAccountBalance,1930683.69,0.3920069379955547,1.4799479792391703
Largest absolute error,5464,33066937.56,18904869.73001936,InvestmentBalance,1287335.2,0.32677043632110503,1.3864831544703677
Largest absolute error,5464,33066937.56,18904869.73001936,Savings,1798138.4,0.27248979623565905,1.313230058954076
Largest absolute error,5464,33066937.56,18904869.73001936,YearsUntilRetirement,16.0,0.13006833053757785,1.1389062027389543
Largest absolute error,5464,33066937.56,18904869.73001936,EmployerPension_Yes,0.0,-0.07530941406290745,0.92745647385225
Largest absolute error,5464,33066937.56,18904869.73001936,Retirement_Fund_Goal,8190273.19,0.06282367840905667,1.0648390685591131
Largest absolute error,5464,33066937.56,18904869.73001936,EmergencyFund,138597.88,0.061421925704798964,1.0633474731833246
Largest absolute error,5464,33066937.56,18904869.73001936,ExpectedAnnualReturn,0.0931,0.05758793543378201,1.0592784146662322
Largest absolute error,5464,33066937.56,18904869.73001936,MonthlyExpenses,16710.46,-0.03299778933777157,0.9675406984923445
Largest absolute error,5464,33066937.56,18904869.73001936,RiskTolerance,68.0,0.0304427954537567,1.0309109155708502
Largest absolute error,5464,33066937.56,18904869.73001936,RealExpectedReturn,0.0727,-0.027192571025171208,0.9731738183989054
"Largest error, lowest income quintile",2533,5042577.46,542057.7921304085,SalaryBasedContribution,0.0,-0.765383011436921,0.4651557368841285
"Largest error, lowest income quintile",2533,5042577.46,542057.7921304085,RetirementAccountBalance,49807.61,-0.45242976212382613,0.6360807475630532
"Largest error, lowest income quintile",2533,5042577.46,542057.7921304085,InvestmentBalance,0.0,-0.24677763799864086,0.7813144088524606
"Largest error, lowest income quintile",2533,5042577.46,542057.7921304085,EmergencyFund,0.0,-0.16390054426809014,0.8488264383369761
"Largest error, lowest income quintile",2533,5042577.46,542057.7921304085,EmployerPension_Yes,0.0,-0.14338831908247496,0.86641755709193
"Largest error, lowest income quintile",2533,5042577.46,542057.7921304085,YearsUntilRetirement,26.0,0.14011139048167048,1.150401935546206
"Largest error, lowest income quintile",2533,5042577.46,542057.7921304085,CreditScore,517.0,-0.12649217086253858,0.8811810484040657
"Largest error, lowest income quintile",2533,5042577.46,542057.7921304085,Savings,0.0,-0.06290467069161985,0.9390329867876311
"Largest error, lowest income quintile",2533,5042577.46,542057.7921304085,MonthlyExpenses,3382.51,0.04619391260884646,1.047277471574993
"Largest error, lowest income quintile",2533,5042577.46,542057.7921304085,Age,41.0,0.02668246493338202,1.027041629248303
"Largest error, lowest income quintile",2533,5042577.46,542057.7921304085,CareerStartAge,28.0,-0.023012396748476365,0.9772503689711626
"Largest error, lowest income quintile",2533,5042577.46,542057.7921304085,AnnualBonus,0.0,0.022503297564233134,1.0227584067704265
